method	test	model	evaluation_measure	context	encoding_level	p_value	effect_size
CEAT	c1_name	gpt2	cosine	reddit	sent	0.5391284822667365	-0.002791188754361233
CEAT	c1_name	gpt2	cosine	reddit	word-average	3.335300864843414e-164	0.1188382340672178
CEAT	c1_name	gpt2	cosine	reddit	word-start	2.8036047653202855e-45	0.05895297660684595
CEAT	c1_name	gpt2	cosine	reddit	word-end	2.8014044974349623e-121	0.10136029244417565
CEAT	c3_name	gpt2	cosine	reddit	sent	0.019550314046783295	-0.010197300899788235
CEAT	c3_name	gpt2	cosine	reddit	word-average	9.090985990338728e-223	0.14911602576305408
CEAT	c3_name	gpt2	cosine	reddit	word-start	1.1843183913003097e-294	0.1738212245866249
CEAT	c3_name	gpt2	cosine	reddit	word-end	4.907709160539294e-181	0.12546054124164732
CEAT	c9_name	gpt2	cosine	reddit	sent	0.36159701809501676	0.00646903858442322
CEAT	c9_name	gpt2	cosine	reddit	word-average	1.9079851854308333e-06	0.02765992299441101
CEAT	c9_name	gpt2	cosine	reddit	word-start	3.189483810659294e-174	0.15866119076972632
CEAT	c9_name	gpt2	cosine	reddit	word-end	0.1952008107726153	-0.007207670164235729
CEAT	c9m_name	gpt2	cosine	reddit	sent	0.31964436203338686	0.005000384274763725
CEAT	c9m_name	gpt2	cosine	reddit	word-average	2.776613603991002e-05	0.024083527290400534
CEAT	c9m_name	gpt2	cosine	reddit	word-start	8.124522720339438e-224	0.1759792685033362
CEAT	c9m_name	gpt2	cosine	reddit	word-end	0.43583964368891415	0.004455383149479956
CEAT	c9_term	gpt2	cosine	reddit	sent	0.11186203436717564	-0.01220990013827631
CEAT	c9_term	gpt2	cosine	reddit	word-average	6.136055133355785e-29	-0.0788294586943126
CEAT	c9_term	gpt2	cosine	reddit	word-start	8.575833221719592e-61	-0.11725035526174864
CEAT	c9_term	gpt2	cosine	reddit	word-end	5.37200748145374e-07	-0.03564674325801941
CEAT	occ_name	gpt2	cosine	reddit	sent	0.13709057750575754	-0.005459701570200607
CEAT	occ_name	gpt2	cosine	reddit	word-average	3.387465836875013e-71	0.07222326011545877
CEAT	occ_name	gpt2	cosine	reddit	word-start	6.679508158644489e-52	0.06021706763149781
CEAT	occ_name	gpt2	cosine	reddit	word-end	4.1811201789311124e-186	0.11049708068328568
