method	test	model	dataset	evaluation_measure	context	encoding_level	p_value	effect_size	SE	SD	SD_weighted
CEAT	c1_name	bert	full	probability	reddit		0.010573966153409798	0.040974892143537785	0.01602790737026807	0.28011192312348315	0.07748136566261066
CEAT	c3_name	bert	full	probability	reddit		nan	nan	nan	nan	nan
CEAT	c6_name	bert	full	probability	reddit		nan	nan	nan	nan	nan
CEAT	c9_term	bert	full	probability	reddit		1.7623955145601212e-96	0.17508226313998054	0.008400030323136907	0.4899991539909298	0.2809710194926162
CEAT	dis_term	bert	full	probability	reddit		6.531640014865619e-06	0.05898260309375084	0.013082805546031409	0.09811079650988526	0.00959889586017722
CEAT	occ_name	bert	full	probability	reddit		nan	nan	nan	nan	nan
CEAT	i1_name	bert	full	probability	reddit		nan	nan	nan	nan	nan
CEAT	i2_name	bert	full	probability	reddit		nan	nan	nan	nan	nan
CEAT	c1_name	bert	reduced	probability	reddit		8.586293497489898e-15	0.08991352079808401	0.011588864648373373	0.28102165268536233	0.0775657145040251
CEAT	c3_name	bert	reduced	probability	reddit		nan	nan	nan	nan	nan
CEAT	c9_name	bert	reduced	probability	reddit		8.012142069718448e-61	0.10847667036046627	0.006593217058503379	0.5329770364233065	0.28262183926221757
CEAT	c9_name_m	bert	reduced	probability	reddit		2.4816701112087037e-261	0.2265918856455486	0.0065614219692526595	0.5107352558740409	0.2520942737482059
CEAT	c9_term	bert	reduced	probability	reddit		6.12407547781745e-149	0.19623191467267223	0.007549750470380343	0.47962481170011506	0.2704829805942622
CEAT	occ_name	bert	reduced	probability	reddit		nan	nan	nan	nan	nan
CEAT	c1_name	bert	simplified	probability	reddit		1.9958847635453107e-235	0.3253692683790974	0.009931059307558871	0.25502474403469494	0.06468726718728413
CEAT	c3_term	bert	simplified	probability	reddit		0.0	0.23189950591881922	0.0044226237441063266	0.27866532433891555	0.07582340552846428
CEAT	c6_term	bert	simplified	probability	reddit		1.7610326372470116e-79	0.20447585485483194	0.010831972673665235	0.4991912494884282	0.2430739437210679
CEAT	c9_name	bert	simplified	probability	reddit		1.3532084298563163e-262	0.19297616965737938	0.005574441964024396	0.5545653990499395	0.28987452362638166
CEAT	occ_term	bert	simplified	probability	reddit		3.778729324622861e-29	0.24525320962111155	0.0218844464372943	0.30684276889590156	0.09370957038345439
